0,キャラ用,		;各キャラ用の自由に使えるフラグ。口上を書く人が使ってください。でもCEVENTでいけそうならそっち使ってください
1,助手可能
2,好感度
3,性転換
4,繰り越しキャラ
5,マグロ
6,助手の指示
7,日常イベント回数,	;日常イベントを選ぶ毎に+1。回数に応じて特殊なセリフを喋らせると良いでしょう
8,初期設定完了
9,初期仲間
10,行動
11,一緒に寝た
12,前回調教日
13,満足度
14,ちょっかい数,	;その時間帯に日常イベントでちょっかいかけた回数。主に好感度増加のカウントに使う
15,身嗜み
16,尿道履歴,		;受け入れた最大の太さの記録に使用
17,妊娠で巨乳化
18,息子の数
19,娘の数
20,最新中出し日
21,パンツ確認済,	;パンツチェックすると値が増えます。ブラ確認済みも含む
22,股間確認済,		;パンツ以外のものを履いている際にのみ使う。ブルマとか水着とかレオタードなど。
23,スカートめくり,	;スカートをめくるorめくられるとONになります。主に日常イベントで使用
24,挨拶した,		;あなたに挨拶するとONになります。日が変わると初期化
25,挨拶された,		;あなたに挨拶されるとONになります。日が変わると初期化
26,お茶,		;お茶を飲むとONになります。その後ターンごとに値が減り、0になるとまたイベント可能に
27,甘い言葉,		;甘い言葉を囁くとONになります。時間帯が変わると初期化
28,褒める,		;褒めるとONになります。時間帯が変わると初期化

;状態など。@EVENTSHOPで初期化される
30,汗,			;1で汗かき状態になった記録。2で汗拭き可能。4以上で汗だく
31,睡眠,		;眠りが深いほど値が大きい
32,びしょびしょ,	;主にお風呂上がりで身体を拭いていない状態です
33,隙あり,		;相手が隙がある時にONになります
34,寝起き,		;睡眠から覚めた直後です
35,トイレ済,		;トイレに行ったことをあなたに確認されている状態です
36,もてなし奉仕,	;もてなしで性奉仕をするとON
37,パンツ没収,		;パンツを没収されるとON
38,アソコチェック,	;アソコをチェックされるとON

40,ゴム内精液,		;このキャラが今回のエロでコンドーム有りで搾り取った精液量
41,水泳,		;泳ぐとフラグON
42,優先順位,		;パートナーに選ばれると1になり、他の人がパートナーに選ばれると順位が上がる
43,同棲,		;bitで管理。0bit同棲可能, 1bit同棲中
44,入室までの所要時間,	;1以上だとまだ居ない。時間ごとに１減る
45,不在,		;ONだとこの時間帯は現れない
46,PREV_DAILYCATE,	;前回行った日常コマンドのジャンル
47,パンツ奪われ数,	;主人にパンツを奪われた回数
48,お弁当,		;これがONだと毎朝お弁当作ってくれます！一緒に食べてもくれますぜ
49,ピル,		;ピルで避妊中です
50,性処理,		;ONだと性処理してくれます
51,尻尾を出す,		;尻尾を隠していた人が出したフラグ。別に悪事がばれたわけではない
52,夜型,		;これがONだと部室には現れず、自室にのみ現れる
53,標語実践,		;標語のお題を実行していたらONになる


;100〜199	PALAMの記録に使う

;700〜709	今までに経験したイベントの記憶
;710〜719	今までの調教で選んだコマンドの記憶

;CFLAG1100〜はキャラごとに好きに使ってよい。自由にラベルを貼ってください
;1100〜1199 01フェリシエル
;1200〜1299 02濡烏の君
;1300〜1399 03ツェツィーリア
;1400〜1499 04アリーヌ
;1500〜1599 05六華
;1600〜1699 06さくら
1600,健康度,		;さくら口上　イベント制御用

;1700〜1799 07ハナ
1700,ランダム
1710,誤差1,
1711,誤差2,
1720,尿道回数,
1721,Ｖ回数,
1722,Ａ回数,
;1800〜1899 08優里
;1900〜1999 09パラチネ
;2000〜2099 10メリィエーナ
;2100〜2199 11リアラ
;2200〜2299 12成美
;2300〜2399 13アイリ
;2400〜2499 14シキ
;2500〜2599 15槞彁
;2600〜2699 16あんず
;2700〜2799 17小菊
;2800〜2899 18ホムラ
;2900〜2999 19マノン
2900,淫魔覚醒,   ;破瓜を達成すると覚醒します。いろいろ克服したり能力身に着けたり。ただし精液かあなたにおぼれる必要があり。
;3000〜3099 20ヴィルヘルム
;3100〜3199 21
;3200〜3299 22
;3300〜3399 23

