番号,19,                ;仮番号です。実装時にどうなるのか。
名前,マノン,            ;魔呑、魔音。魔を麻とか真にしてやると日本語名でも使えますね。いずれにせよキラキラぎりぎり。
呼び名,マノン,          ;ちなみにフランス人の女性名として普通にある名前だそうです。

フラグ,夜型,1,		;これがONだと部室には現れず、自室にのみ現れる
                        ;マノンちゃんは当初居候ですが、じきにお金を稼ぐようになります。(未実装)。魂か精力をあげてね。
基礎,体力,2000          ;体力はデフォルト。

素質,淫魔,              ;サキュバスちゃん。その行為を見ればいやでも理解できるはずです。
素質,処女,              ;淫魔の処女というギャップ。もっともそれには理由が
素質,巨乳,3,            ;爆ではなく超。それこそ上半身がおっぱいで埋まる。年齢不相応？　キニシナイ
素質,内気,              ;男性と話すなんて……親しくなるまではどもらせたい。
素質,優しい,            ;人をえさだなんてとんでもない！
素質,外見年齢,3,        ;2だと少女、3だとお姉さん。このヴァリアントは主人公と同世代だとお姉さんになるらしい。
素質,好奇心,            ;淫魔なのでえっちなことへの興味は人以上にあります。
素質,快感に素直,        ;気持ちいいことはいいことだと思います。
素質,一線越えない,      ;破瓜するの怖い破瓜するの怖いお口やおっぱいで気持ちよくするしなるから許して
素質,貞操観念,          ;でもできれば破瓜するなら本当にその人って決めた人が
素質,濡れやすい,        ;ぬるぬるです。
素質,拡張適性,1,        ;大きいからといってへばりません。馬でも象でもこい。
素質,Ｖ名器,3,          ;破瓜したその地点でその真なる秘められた力を知ります。
素質,Ｖ性向,            ;破瓜しなかったことが彼女の淫魔のすべてをねじ伏せていたのです。
素質,Ｂ性向,            ;パイズリ気持ちいいです。
素質,Ｍ性向,            ;おふぇらでいっちゃいます。
素質,妊娠しづらい,2     ;淫魔ばりに孕みにくいです。でも抜け道はあります。

;素質,避妊方法,1p0+1p1+1p2+1p3,		;ビットで判定。1p0ピル好き, 1p1ピル嫌い, 1p2ゴム好き, 1p3ゴム嫌い

能力,欲望,1
能力,技巧,1
能力,Ｂ感覚,2
能力,Ｍ感覚,2

経験,精液経験,5
経験,フェラ経験,1
経験,パイズリ経験,1

;パンツとブラだけは/で区切られた２個目に色を記述する事
CSTR,パンツ,フリルのパンツ/おとなしい色/
CSTR,ブラ,
CSTR,服,ボタンのはじけたブラウス/上下セット/
CSTR,スカート,スカート/
CSTR,ボディスーツ,
CSTR,アウター,
CSTR,靴下,ソックス/
CSTR,靴,ハイヒール/
CSTR,手袋,
CSTR,アクセサリ,ハートのチョーカー/////


CSTR,肩書,落第淫魔,;職業とか種族とかあだ名とか
CSTR,学年,浮浪者,	;学年とか教師とか
CSTR,アドバイス,淫精の伝道師,	;アドバイザーの時に発揮される力
;CSTR,仕事,,		;仕事名_属性1_属性2_…_属性nを/区切りで複数指定して記述する
CSTR,陰毛の好み,ナチュラル,;脱毛処理orツルツルorお手入れ済orナチュラルor生え放題 から選択。それを可能なら維持します
CSTR,腋毛の好み,ナチュラル,;脱毛処理orツルツルor生え放題 から選択。それを可能なら維持します
CSTR,好きな色,おとなしい色,	;下着などで好む色です。通常の色の他、ランダム選択となる Ｈな色、おとなしい色 が指定できます
CSTR,関係,居候,		;CSV記述の物が初期関係となる。……まぁ本質はセフレだけどな

CSTR,好きなパンツ,フリルのパンツ/ローライズパンツ/縞々パンツ,	;好きなパンツです。普段のパンツで穿きます。/区切りで複数指定OK。@PALAM_PANTIES の各LOCALSの先頭の文字列を/で区切ったもの、例えば フリルのパンツ/紐パン と記述する
CSTR,嫌いなパンツ,シースルー,	;自分からは穿かないパンツです。指定可能なのは好きなパンツと一緒
CSTR,好きなブラ,ノーブラ,	;パンツ同様、好きなブラです。@PALAM_BRA の各LOCALSの先頭の文字列を/で区切ったもの、例えば シンプルブラ/チューブトップ と記述する
CSTR,嫌いなブラ,ブラ,	;パンツ同様

;CSTR,お茶,,		;ここに記述されているものを飲み物として用意してくれます
;CSTR,好きなもの,,	;フレーバーです。/区切りで複数設定できます。例：ぬいぐるみ/料理
;CSTR,嫌いなもの,,	;フレーバーです。/区切りで複数設定できます。例：いも虫/トランプ
CSTR,髪,紫髪/ロング,	;フレーバーです。髪の色/髪型　で記述します。例：金髪/セミロング

;90〜99	お気に入りの衣装の記録で使用。制服と体操服と水着はデフォ有り
CSTR,制服,セーラー服,	;体育も水泳もない日に着る。セーラー服orミニスカセーラー服orブレザーorミニスカブレザー
CSTR,体操服,体操服ハーフパンツ,	;体育の授業がある日に着る。体操服ブルマor体操服ハーフパンツor体操服スパッツor体操服ジャージ
CSTR,水着,スク水,	;水泳の授業がある日に着る。スク水or競泳水着or白ビキニor黒ビキニ
CSTR,普段着,		;普段着。日曜or夜に着る。最初はデフォ衣装と一緒


